market_id,country,issue,detail,next_step
M001,United States,Market-share evidence missing,"Original share has no documented source, measurement period or denominator.",Find the original source and record its period and definition before comparison.
M002,China,Market-share evidence missing,"Original share has no documented source, measurement period or denominator.",Find the original source and record its period and definition before comparison.
M003,Germany,Market-share evidence missing,"Original share has no documented source, measurement period or denominator.",Find the original source and record its period and definition before comparison.
M004,Japan,Market-share evidence missing,"Original share has no documented source, measurement period or denominator.",Find the original source and record its period and definition before comparison.
M005,India,Market-share evidence missing,"Original share has no documented source, measurement period or denominator.",Find the original source and record its period and definition before comparison.
M006,United Kingdom,Market-share evidence missing,"Original share has no documented source, measurement period or denominator.",Find the original source and record its period and definition before comparison.
M007,France,Market-share evidence missing,"Original share has no documented source, measurement period or denominator.",Find the original source and record its period and definition before comparison.
M008,Italy,Market-share evidence missing,"Original share has no documented source, measurement period or denominator.",Find the original source and record its period and definition before comparison.
M009,Canada,Market-share evidence missing,"Original share has no documented source, measurement period or denominator.",Find the original source and record its period and definition before comparison.
M010,Brazil,Market-share evidence missing,"Original share has no documented source, measurement period or denominator.",Find the original source and record its period and definition before comparison.
M011,Russia,Market-share evidence missing,"Original share has no documented source, measurement period or denominator.",Find the original source and record its period and definition before comparison.
M012,South Korea,Market-share evidence missing,"Original share has no documented source, measurement period or denominator.",Find the original source and record its period and definition before comparison.
M013,Australia,Market-share evidence missing,"Original share has no documented source, measurement period or denominator.",Find the original source and record its period and definition before comparison.
M014,Spain,Market-share evidence missing,"Original share has no documented source, measurement period or denominator.",Find the original source and record its period and definition before comparison.
M015,Mexico,Market-share evidence missing,"Original share has no documented source, measurement period or denominator.",Find the original source and record its period and definition before comparison.
M016,Indonesia,Market-share evidence missing,"Original share has no documented source, measurement period or denominator.",Find the original source and record its period and definition before comparison.
M017,Turkey,Market-share evidence missing,"Original share has no documented source, measurement period or denominator.",Find the original source and record its period and definition before comparison.
M018,Netherlands,Market-share evidence missing,"Original share has no documented source, measurement period or denominator.",Find the original source and record its period and definition before comparison.
M019,Saudi Arabia,Market-share evidence missing,"Original share has no documented source, measurement period or denominator.",Find the original source and record its period and definition before comparison.
M020,Switzerland,Market-share evidence missing,"Original share has no documented source, measurement period or denominator.",Find the original source and record its period and definition before comparison.
M021,Poland,Market-share evidence missing,"Original share has no documented source, measurement period or denominator.",Find the original source and record its period and definition before comparison.
M022,Taiwan,Market-share evidence missing,"Original share has no documented source, measurement period or denominator.",Find the original source and record its period and definition before comparison.
M023,Belgium,Market-share evidence missing,"Original share has no documented source, measurement period or denominator.",Find the original source and record its period and definition before comparison.
M024,Sweden,Market-share evidence missing,"Original share has no documented source, measurement period or denominator.",Find the original source and record its period and definition before comparison.
M025,Argentina,Market-share evidence missing,"Original share has no documented source, measurement period or denominator.",Find the original source and record its period and definition before comparison.
M026,Ireland,Market-share evidence missing,"Original share has no documented source, measurement period or denominator.",Find the original source and record its period and definition before comparison.
M027,United Arab Emirates,Market-share evidence missing,"Original share has no documented source, measurement period or denominator.",Find the original source and record its period and definition before comparison.
M028,Singapore,Market-share evidence missing,"Original share has no documented source, measurement period or denominator.",Find the original source and record its period and definition before comparison.
M029,Austria,Market-share evidence missing,"Original share has no documented source, measurement period or denominator.",Find the original source and record its period and definition before comparison.
M030,Israel,Market-share evidence missing,"Original share has no documented source, measurement period or denominator.",Find the original source and record its period and definition before comparison.
M031,Thailand,Market-share evidence missing,"Original share has no documented source, measurement period or denominator.",Find the original source and record its period and definition before comparison.
M032,Philippines,Market-share evidence missing,"Original share has no documented source, measurement period or denominator.",Find the original source and record its period and definition before comparison.
M033,Vietnam,Market-share evidence missing,"Original share has no documented source, measurement period or denominator.",Find the original source and record its period and definition before comparison.
M034,Norway,Market-share evidence missing,"Original share has no documented source, measurement period or denominator.",Find the original source and record its period and definition before comparison.
M035,Malaysia,Market-share evidence missing,"Original share has no documented source, measurement period or denominator.",Find the original source and record its period and definition before comparison.
M036,Iran,Market-share evidence missing,"Original share has no documented source, measurement period or denominator.",Find the original source and record its period and definition before comparison.
M037,Bangladesh,Market-share evidence missing,"Original share has no documented source, measurement period or denominator.",Find the original source and record its period and definition before comparison.
M038,Denmark,Market-share evidence missing,"Original share has no documented source, measurement period or denominator.",Find the original source and record its period and definition before comparison.
M039,Hong Kong,Market-share evidence missing,"Original share has no documented source, measurement period or denominator.",Find the original source and record its period and definition before comparison.
M040,Colombia,Market-share evidence missing,"Original share has no documented source, measurement period or denominator.",Find the original source and record its period and definition before comparison.
M041,South Africa,Market-share evidence missing,"Original share has no documented source, measurement period or denominator.",Find the original source and record its period and definition before comparison.
M042,Romania,Market-share evidence missing,"Original share has no documented source, measurement period or denominator.",Find the original source and record its period and definition before comparison.
M043,Egypt,Market-share evidence missing,"Original share has no documented source, measurement period or denominator.",Find the original source and record its period and definition before comparison.
M044,Pakistan,Market-share evidence missing,"Original share has no documented source, measurement period or denominator.",Find the original source and record its period and definition before comparison.
M045,Chile,Market-share evidence missing,"Original share has no documented source, measurement period or denominator.",Find the original source and record its period and definition before comparison.
M046,Czech Republic,Market-share evidence missing,"Original share has no documented source, measurement period or denominator.",Find the original source and record its period and definition before comparison.
M047,Finland,Market-share evidence missing,"Original share has no documented source, measurement period or denominator.",Find the original source and record its period and definition before comparison.
M048,Portugal,Market-share evidence missing,"Original share has no documented source, measurement period or denominator.",Find the original source and record its period and definition before comparison.
M049,Hungary,Market-share evidence missing,"Original share has no documented source, measurement period or denominator.",Find the original source and record its period and definition before comparison.
M050,Kazakhstan,Market-share evidence missing,"Original share has no documented source, measurement period or denominator.",Find the original source and record its period and definition before comparison.
M051,Peru,Market-share evidence missing,"Original share has no documented source, measurement period or denominator.",Find the original source and record its period and definition before comparison.
M052,Iraq,Market-share evidence missing,"Original share has no documented source, measurement period or denominator.",Find the original source and record its period and definition before comparison.
M053,Greece,Market-share evidence missing,"Original share has no documented source, measurement period or denominator.",Find the original source and record its period and definition before comparison.
M054,Algeria,Market-share evidence missing,"Original share has no documented source, measurement period or denominator.",Find the original source and record its period and definition before comparison.
M055,New Zealand,Market-share evidence missing,"Original share has no documented source, measurement period or denominator.",Find the original source and record its period and definition before comparison.
M056,Qatar,Market-share evidence missing,"Original share has no documented source, measurement period or denominator.",Find the original source and record its period and definition before comparison.
M057,Ethiopia,Market-share evidence missing,"Original share has no documented source, measurement period or denominator.",Find the original source and record its period and definition before comparison.
M058,Nigeria,Market-share evidence missing,"Original share has no documented source, measurement period or denominator.",Find the original source and record its period and definition before comparison.
M059,Ukraine,Market-share evidence missing,"Original share has no documented source, measurement period or denominator.",Find the original source and record its period and definition before comparison.
M060,Morocco,Market-share evidence missing,"Original share has no documented source, measurement period or denominator.",Find the original source and record its period and definition before comparison.
M061,Kuwait,Market-share evidence missing,"Original share has no documented source, measurement period or denominator.",Find the original source and record its period and definition before comparison.
M062,Cuba,Market-share evidence missing,"Original share has no documented source, measurement period or denominator.",Find the original source and record its period and definition before comparison.
M063,Slovakia,Market-share evidence missing,"Original share has no documented source, measurement period or denominator.",Find the original source and record its period and definition before comparison.
M064,Dominican Republic,Market-share evidence missing,"Original share has no documented source, measurement period or denominator.",Find the original source and record its period and definition before comparison.
M065,Uzbekistan,Market-share evidence missing,"Original share has no documented source, measurement period or denominator.",Find the original source and record its period and definition before comparison.
M066,Bulgaria,Market-share evidence missing,"Original share has no documented source, measurement period or denominator.",Find the original source and record its period and definition before comparison.
M067,Ecuador,Market-share evidence missing,"Original share has no documented source, measurement period or denominator.",Find the original source and record its period and definition before comparison.
M068,Puerto Rico,Market-share evidence missing,"Original share has no documented source, measurement period or denominator.",Find the original source and record its period and definition before comparison.
M069,Kenya,Market-share evidence missing,"Original share has no documented source, measurement period or denominator.",Find the original source and record its period and definition before comparison.
M070,Angola,Market-share evidence missing,"Original share has no documented source, measurement period or denominator.",Find the original source and record its period and definition before comparison.
M071,Guatemala,Market-share evidence missing,"Original share has no documented source, measurement period or denominator.",Find the original source and record its period and definition before comparison.
M072,Oman,Market-share evidence missing,"Original share has no documented source, measurement period or denominator.",Find the original source and record its period and definition before comparison.
M073,Venezuela,Market-share evidence missing,"Original share has no documented source, measurement period or denominator.",Find the original source and record its period and definition before comparison.
M074,Costa Rica,Market-share evidence missing,"Original share has no documented source, measurement period or denominator.",Find the original source and record its period and definition before comparison.
M075,Luxembourg,Market-share evidence missing,"Original share has no documented source, measurement period or denominator.",Find the original source and record its period and definition before comparison.
M076,Croatia,Market-share evidence missing,"Original share has no documented source, measurement period or denominator.",Find the original source and record its period and definition before comparison.
M077,Panama,Market-share evidence missing,"Original share has no documented source, measurement period or denominator.",Find the original source and record its period and definition before comparison.
M078,Ivory Coast,Market-share evidence missing,"Original share has no documented source, measurement period or denominator.",Find the original source and record its period and definition before comparison.
M079,Sri Lanka,Market-share evidence missing,"Original share has no documented source, measurement period or denominator.",Find the original source and record its period and definition before comparison.
M080,Turkmenistan,Market-share evidence missing,"Original share has no documented source, measurement period or denominator.",Find the original source and record its period and definition before comparison.
M081,Lithuania,Market-share evidence missing,"Original share has no documented source, measurement period or denominator.",Find the original source and record its period and definition before comparison.
M082,Uruguay,Market-share evidence missing,"Original share has no documented source, measurement period or denominator.",Find the original source and record its period and definition before comparison.
M083,Serbia,Market-share evidence missing,"Original share has no documented source, measurement period or denominator.",Find the original source and record its period and definition before comparison.
M084,Tanzania,Market-share evidence missing,"Original share has no documented source, measurement period or denominator.",Find the original source and record its period and definition before comparison.
M085,Azerbaijan,Market-share evidence missing,"Original share has no documented source, measurement period or denominator.",Find the original source and record its period and definition before comparison.
M086,Ghana,Market-share evidence missing,"Original share has no documented source, measurement period or denominator.",Find the original source and record its period and definition before comparison.
M087,Slovenia,Market-share evidence missing,"Original share has no documented source, measurement period or denominator.",Find the original source and record its period and definition before comparison.
M088,Belarus,Market-share evidence missing,"Original share has no documented source, measurement period or denominator.",Find the original source and record its period and definition before comparison.
M089,DR Congo,Market-share evidence missing,"Original share has no documented source, measurement period or denominator.",Find the original source and record its period and definition before comparison.
M090,Myanmar,Market-share evidence missing,"Original share has no documented source, measurement period or denominator.",Find the original source and record its period and definition before comparison.
M091,Uganda,Market-share evidence missing,"Original share has no documented source, measurement period or denominator.",Find the original source and record its period and definition before comparison.
M092,Macau,Market-share evidence missing,"Original share has no documented source, measurement period or denominator.",Find the original source and record its period and definition before comparison.
M093,Cameroon,Market-share evidence missing,"Original share has no documented source, measurement period or denominator.",Find the original source and record its period and definition before comparison.
M094,Jordan,Market-share evidence missing,"Original share has no documented source, measurement period or denominator.",Find the original source and record its period and definition before comparison.
M095,Tunisia,Market-share evidence missing,"Original share has no documented source, measurement period or denominator.",Find the original source and record its period and definition before comparison.
M096,Cambodia,Market-share evidence missing,"Original share has no documented source, measurement period or denominator.",Find the original source and record its period and definition before comparison.
M097,Bolivia,Market-share evidence missing,"Original share has no documented source, measurement period or denominator.",Find the original source and record its period and definition before comparison.
M098,Bahrain,Market-share evidence missing,"Original share has no documented source, measurement period or denominator.",Find the original source and record its period and definition before comparison.
M099,Latvia,Market-share evidence missing,"Original share has no documented source, measurement period or denominator.",Find the original source and record its period and definition before comparison.
M100,Paraguay,Market-share evidence missing,"Original share has no documented source, measurement period or denominator.",Find the original source and record its period and definition before comparison.
M084,Tanzania,Repeated service in the same market,M-Pesa appears in more than one listed role. Coverage counts the market once.,Check the original research and replace the repeated alternative only with verified evidence.
,All markets,Service and link verification pending,"Original rows include wallets, payment networks and payment schemes. Website, review and screenshot links are unverified.","Verify each service's identity, country availability and linked material against primary sources."
