service_id,service
Sea0c0ee3ba62,ABA Mobile
Sa186ae7a8096,ATH Móvil
S0e3d54f3e7b6,Abitab
S032a27679a37,Afterpay
S8409bece1699,AirCash
S91c395c3c9e0,Airtel Money
Sb644e31f390d,Airtel Uganda
S6db696456e43,AirtelTigo
Sd5b72847b212,Alipay
See286ba33708,Aman
Sfc8e27f609f4,Amole
Sfb8965ab4a52,AniPay
Sc7d464d29ff2,AnyPay
S9bb3a91fbff8,Apple Pay
Se2ad46d3f48e,AzeriPay
S847ed24aba8f,BAC Credomatic
S9ab007d4bdcf,BANRURAL
S12ca66653f33,BKM Express
S354add2d89a1,BLIK
S5e1d15a80a51,Banca Móvil BCP
S028fa62fc793,Banco de Venezuela
S8370f96e9d93,Bancolombia
S84e7c82fea0f,Bancontact
S6091bb1c77f0,Banistmo
S9fdb2b0725ab,Bank Muscat
S3bf830ec58e4,Barid Bank
S9f4c0a6f6150,Barion
S49f1fb437cf1,Benefit Pay
S2f77e8e6b5c1,Billet
Sf1624fcc63b6,Binance
Se1acedc90190,BitPay
S09bf90a11ae3,Bizum
S0d791a0a6f01,Boost
S0dbf7f12f197,CBQ Mobile
Sa9314df8e7a9,CIB
Sb3b4252796e8,CIH Mobile
S2d0bec069274,CIMB OCTO MY
Sa35b4fd24390,Cash Plus
Sb776149d47e3,CashAddress
S95ba4ed9329f,Click
S39dd0861d128,DANA
Sc953363739d2,DBS PayLah
S49b7ccf946a7,Daviplata
Sd289ae1c3730,Dialog eZ Cash
S851925fb67ea,Diners Club
S742a084076c8,E-dinar
S8a2d4c009231,EasyPaisa
Sf9b71269f6ff,EasyPay
Sf46b7c2274d4,Easypay
Sdc19504a356a,EnZona
S33e6460b0614,FastPay
Se9bcb76e743e,Fawry
S419c017fec88,Flutterwave
Seffe340b87b3,GCash
Sfe4df7a72733,Galkan töleg
S177eb549798b,GoPay
Scfe1ae6e7f3a,Google Pay
S9518f42ad7fb,Google Wallet
S09996930be63,GrabPay
S88853e062e22,Halyk Bank
S4e3de48b0f3a,Hubtel
Sc6f881bfe8f5,Ininal
Sbd194199fe09,Interac
Sf2bcbe5abd94,Isracard
Sa0b41fabd1f4,JazzCash
Sb0c9e4b4309e,JkoPay
Sc92ee581fa42,KBZ Pay
Sc43969a3bafd,KNET
Sc4987750ae1c,KakaoPay
S355387169087,Kaspi.kz
S888804c60126,Khipu
Sa2e779358d0d,Klarna
S8bb8de8cc73e,Kushki
Se3a205bb818f,LINE Pay
Sf2f6a0188995,Loop
S5a28fa1fccb6,Lydia
S721a27a1aa5e,M-Birr
S53db2806be5a,M-Pesa
Sa70a35b72c22,MB Way
S57b68256e28f,MTN Mobile Money
S81b0fd1b771e,Macau Pass
Sfe640272446b,Mercado Pago
S42fa0795c14e,MiDinero
S4f61b35afbac,MoMo
Seecadce162c6,MobilePay
Sab5445957d32,Mobilly
S716188579105,Moneda U
S4a523f589732,Moneta
Sf465788dea89,Moniepoint
S9722e8c42d66,Monobank
S9656243ca723,Movilnet
Sb86ee665f29a,N26
S1eb67b986588,Nagad
Sb4047e184273,Naranja X
S7906b84d8f9d,Naver Pay
Sb059c7cc919f,Nequi
S24ef7ec7e764,Nexi
S0f07802df56d,Niubiz
S22f85bf6fa63,Noon Pay
S683e3175233e,OVO
Sa7c7b3a28a61,Octopus
S9b425f30fe38,Oman Mobile Payment
S0a364d6b3a0b,Ongo
S6de18e00d6b3,Ooredoo Money
Sb58ff996311b,Oplata
S30438e444cb9,Orange Money
S1b57eeacfbd3,PICHINCHA BANCA
S41b0635bb279,PIX
S84287a10e6fb,PUMB
S46c79b38cace,PagoEfectivo
Sd2cb4f99541e,Pay.ir
Sd274d9c0228d,PayCash
Scc2cd9293700,PayMaya
S5c5af06729d3,PayNow
Sab8a4f6bb84d,PayPal
S4d54ee71b475,PayPay
S97aaa5725e62,PayU
S1b96cf56a09b,Paybox
S658e993fb9d6,Payconiq
S4fe05e7db04b,Paylib
Sf06f0269cf5d,Payme
S1c8aa3a6466b,Payoneer
Sfd6f7a606c5b,Paysera
S8421e6a3d5ee,Paystack
Sb2a940b2a2ea,Paytm
Sfe7479645397,Personal Pay
Seb46c4263e56,PhonePe
S4c6134be7015,Pi Pay
Safbffd978275,PrivatBank
S87bb80aa218c,Qi Services
S78832fd1d06f,Qiwi
S67799a5cdcb4,Rabbit Line Pay
S943d2ae40a1e,Rakuten Pay
S2cae73bdcb7c,Really Pesa
S9bd75a3fb14a,Reflect
Sdd53271a2e06,Revolut
Sd40a5aca994e,Rocket
S832c3b1ba488,SEPA
Sbc7ff7a28899,STC Pay
S4dc53e64465b,Sampath e-Wallet
Scd248346b654,Samsung Pay
S4a84d0c48b14,Satispay
S1bd7750deb16,Shetab
S3e68d4365d41,Siirto
S19ce229ca0ea,SimplePay
S712542eb0998,SnapScan
S02f195c0ad8e,Sofort
S1e73623015d3,Swish
Sb1a34ffcbfc3,T-Kash
S4b4db0817515,TWINT
S464d23b54f26,Tap
S8ce839d84089,Tigo Money
Sda053fa8064d,Touch 'n Go
Se2d8004648db,Transbank
S0e8f6fd2e105,TransferGo
Sb1b70335837f,Transfermóvil
S06780a7a437a,TrueMoney
Sa76287c409c4,Ualá
Sf926e95ae759,UnionPay
S6e23756c3c9b,UzCard
Sdc665e6c8a2c,VIAMO
S04dad77b6120,Velmie
Sa1593ecc5a13,Venmo
Saaabb660e287,Vertex
S556d78f4690a,Viettel Pay
S8c98ead1dc6f,Vipps
Sa725bda1f33e,Visa
Seff765f55a78,Viva Wallet
S6f21be3f4238,Wafacash
S819ffe68a604,Wave Money
Sa39c6414ea1e,WeChat Pay
S8e61bf5c793c,WebMoney
S722f7eba24a7,WebPay
Sc72302fe2fa0,Wing Bank
Scc9155d76e81,Yandex.Money
S560f89b4e57b,Yape
S2a2a83212153,Yappy
S94f173f4b39c,ZAP
Sfb1c3e32ff7c,Zain Cash
Sfb4a70e1beb4,ZaloPay
S088cc9c6f49b,Zapper
S4497ba648fd9,Zarinpal
S81b959cfba68,Zip Pay
S5dbff7563966,bKash
S5a33d5fbfbc5,bank BCR
S1f12994d9b0c,dLocal
S99aa3e6c42cc,e gov tm
S4d8fcc240109,ePay
Sf54ab403ca1c,iDEAL
Sf63ecf4435b0,myfawry
S813979cbe3f6,Çapar Pay
